-- -------------------------------------------------------------
-- TablePlus 6.4.4(604)
--
-- https://tableplus.com/
--
-- Database: promozioni_ariston
-- Generation Time: 2025-11-14 15:33:19.8560
-- -------------------------------------------------------------


/*!40101 SET @OLD_CHARACTER_SET_CLIENT=@@CHARACTER_SET_CLIENT */;
/*!40101 SET @OLD_CHARACTER_SET_RESULTS=@@CHARACTER_SET_RESULTS */;
/*!40101 SET @OLD_COLLATION_CONNECTION=@@COLLATION_CONNECTION */;
/*!40101 SET NAMES utf8mb4 */;
/*!40014 SET @OLD_UNIQUE_CHECKS=@@UNIQUE_CHECKS, UNIQUE_CHECKS=0 */;
/*!40014 SET @OLD_FOREIGN_KEY_CHECKS=@@FOREIGN_KEY_CHECKS, FOREIGN_KEY_CHECKS=0 */;
/*!40101 SET @OLD_SQL_MODE=@@SQL_MODE, SQL_MODE='NO_AUTO_VALUE_ON_ZERO' */;
/*!40111 SET @OLD_SQL_NOTES=@@SQL_NOTES, SQL_NOTES=0 */;


DROP TABLE IF EXISTS `prize_bundle_prize`;
CREATE TABLE `prize_bundle_prize` (
  `prize_bundle_id` bigint unsigned NOT NULL,
  `prize_id` bigint unsigned NOT NULL
) ENGINE=InnoDB DEFAULT CHARSET=utf8mb4 COLLATE=utf8mb4_unicode_ci;

DROP TABLE IF EXISTS `prize_bundle_rule_groups`;
CREATE TABLE `prize_bundle_rule_groups` (
  `id` bigint unsigned NOT NULL AUTO_INCREMENT,
  `prize_bundle_id` varchar(255) COLLATE utf8mb4_unicode_ci NOT NULL,
  `logic` varchar(255) COLLATE utf8mb4_unicode_ci NOT NULL,
  `created_at` timestamp NULL DEFAULT NULL,
  `updated_at` timestamp NULL DEFAULT NULL,
  PRIMARY KEY (`id`)
) ENGINE=InnoDB AUTO_INCREMENT=47 DEFAULT CHARSET=utf8mb4 COLLATE=utf8mb4_unicode_ci;

DROP TABLE IF EXISTS `prize_bundle_rules`;
CREATE TABLE `prize_bundle_rules` (
  `id` bigint unsigned NOT NULL AUTO_INCREMENT,
  `prize_bundle_rule_group_id` bigint NOT NULL,
  `product_id` bigint NOT NULL,
  `quantity` int NOT NULL,
  `created_at` timestamp NULL DEFAULT NULL,
  `updated_at` timestamp NULL DEFAULT NULL,
  PRIMARY KEY (`id`)
) ENGINE=InnoDB AUTO_INCREMENT=73 DEFAULT CHARSET=utf8mb4 COLLATE=utf8mb4_unicode_ci;

INSERT INTO `prize_bundle_prize` (`prize_bundle_id`, `prize_id`) VALUES
(1, 1),
(1, 2),
(1, 3),
(2, 6),
(2, 7),
(3, 4),
(3, 5),
(4, 10),
(4, 11),
(5, 8),
(5, 9),
(6, 19),
(7, 20),
(8, 21),
(9, 22),
(10, 23),
(11, 22);

INSERT INTO `prize_bundle_rule_groups` (`id`, `prize_bundle_id`, `logic`, `created_at`, `updated_at`) VALUES
(1, '1', 'and', '2025-09-15 10:57:47', '2025-09-15 10:57:47'),
(2, '2', 'and', '2025-09-15 11:03:15', '2025-09-15 11:03:15'),
(3, '2', 'and', '2025-09-15 11:03:15', '2025-09-15 11:03:15'),
(4, '2', 'and', '2025-09-15 11:03:15', '2025-09-15 11:03:15'),
(5, '2', 'and', '2025-09-15 11:03:15', '2025-09-15 11:03:15'),
(6, '3', 'and', '2025-09-15 11:03:59', '2025-09-15 11:03:59'),
(23, '4', 'and', '2025-09-15 11:07:47', '2025-09-15 11:07:47'),
(24, '4', 'and', '2025-09-15 11:07:47', '2025-09-15 11:07:47'),
(25, '4', 'and', '2025-09-15 11:07:48', '2025-09-15 11:07:48'),
(26, '4', 'and', '2025-09-15 11:07:48', '2025-09-15 11:07:48'),
(27, '4', 'and', '2025-09-15 11:07:48', '2025-09-15 11:07:48'),
(28, '4', 'and', '2025-09-15 11:07:48', '2025-09-15 11:07:48'),
(29, '4', 'and', '2025-09-15 11:07:48', '2025-09-15 11:07:48'),
(30, '4', 'and', '2025-09-15 11:07:48', '2025-09-15 11:07:48'),
(31, '5', 'and', '2025-09-15 11:08:50', '2025-09-15 11:08:50'),
(32, '6', 'and', '2025-09-15 11:33:02', '2025-09-15 11:33:02'),
(33, '7', 'and', '2025-09-15 11:33:26', '2025-09-15 11:33:26'),
(34, '8', 'and', '2025-09-15 11:35:51', '2025-09-15 11:35:51'),
(35, '8', 'and', '2025-09-15 11:35:51', '2025-09-15 11:35:51'),
(36, '8', 'and', '2025-09-15 11:35:51', '2025-09-15 11:35:51'),
(37, '8', 'and', '2025-09-15 11:35:51', '2025-09-15 11:35:51'),
(38, '9', 'and', '2025-09-15 11:38:38', '2025-09-15 11:38:38'),
(39, '9', 'and', '2025-09-15 11:38:38', '2025-09-15 11:38:38'),
(40, '9', 'and', '2025-09-15 11:38:38', '2025-09-15 11:38:38'),
(41, '9', 'and', '2025-09-15 11:38:38', '2025-09-15 11:38:38'),
(42, '9', 'and', '2025-09-15 11:38:38', '2025-09-15 11:38:38'),
(43, '9', 'and', '2025-09-15 11:38:38', '2025-09-15 11:38:38'),
(44, '9', 'and', '2025-09-15 11:38:38', '2025-09-15 11:38:38'),
(45, '10', 'and', '2025-09-15 11:39:45', '2025-09-15 11:39:45'),
(46, '11', 'and', '2025-09-15 11:40:22', '2025-09-15 11:40:22');

INSERT INTO `prize_bundle_rules` (`id`, `prize_bundle_rule_group_id`, `product_id`, `quantity`, `created_at`, `updated_at`) VALUES
(1, 1, 33, 3, '2025-09-15 10:57:47', '2025-09-15 10:57:47'),
(2, 2, 34, 3, '2025-09-15 11:03:15', '2025-09-15 11:03:15'),
(3, 3, 34, 2, '2025-09-15 11:03:15', '2025-09-15 11:03:15'),
(4, 3, 35, 1, '2025-09-15 11:03:15', '2025-09-15 11:03:15'),
(5, 4, 34, 1, '2025-09-15 11:03:15', '2025-09-15 11:03:15'),
(6, 4, 35, 2, '2025-09-15 11:03:15', '2025-09-15 11:03:15'),
(7, 5, 35, 3, '2025-09-15 11:03:15', '2025-09-15 11:03:15'),
(8, 6, 33, 6, '2025-09-15 11:03:59', '2025-09-15 11:03:59'),
(35, 23, 37, 2, '2025-09-15 11:07:47', '2025-09-15 11:07:47'),
(36, 24, 34, 6, '2025-09-15 11:07:47', '2025-09-15 11:07:47'),
(37, 25, 34, 5, '2025-09-15 11:07:48', '2025-09-15 11:07:48'),
(38, 25, 35, 1, '2025-09-15 11:07:48', '2025-09-15 11:07:48'),
(39, 26, 34, 4, '2025-09-15 11:07:48', '2025-09-15 11:07:48'),
(40, 26, 35, 2, '2025-09-15 11:07:48', '2025-09-15 11:07:48'),
(41, 27, 34, 3, '2025-09-15 11:07:48', '2025-09-15 11:07:48'),
(42, 27, 35, 3, '2025-09-15 11:07:48', '2025-09-15 11:07:48'),
(43, 28, 34, 2, '2025-09-15 11:07:48', '2025-09-15 11:07:48'),
(44, 28, 35, 4, '2025-09-15 11:07:48', '2025-09-15 11:07:48'),
(45, 29, 34, 1, '2025-09-15 11:07:48', '2025-09-15 11:07:48'),
(46, 29, 35, 5, '2025-09-15 11:07:48', '2025-09-15 11:07:48'),
(47, 30, 35, 6, '2025-09-15 11:07:48', '2025-09-15 11:07:48'),
(48, 31, 37, 1, '2025-09-15 11:08:50', '2025-09-15 11:08:50'),
(49, 31, 36, 1, '2025-09-15 11:08:50', '2025-09-15 11:08:50'),
(50, 32, 38, 3, '2025-09-15 11:33:02', '2025-09-15 11:33:02'),
(51, 33, 38, 6, '2025-09-15 11:33:26', '2025-09-15 11:33:26'),
(52, 34, 39, 3, '2025-09-15 11:35:51', '2025-09-15 11:35:51'),
(53, 35, 39, 2, '2025-09-15 11:35:51', '2025-09-15 11:35:51'),
(54, 35, 40, 1, '2025-09-15 11:35:51', '2025-09-15 11:35:51'),
(55, 36, 39, 1, '2025-09-15 11:35:51', '2025-09-15 11:35:51'),
(56, 36, 40, 2, '2025-09-15 11:35:51', '2025-09-15 11:35:51'),
(57, 37, 40, 3, '2025-09-15 11:35:51', '2025-09-15 11:35:51'),
(58, 38, 39, 6, '2025-09-15 11:38:38', '2025-09-15 11:38:38'),
(59, 39, 39, 5, '2025-09-15 11:38:38', '2025-09-15 11:38:38'),
(60, 39, 40, 1, '2025-09-15 11:38:38', '2025-09-15 11:38:38'),
(61, 40, 39, 4, '2025-09-15 11:38:38', '2025-09-15 11:38:38'),
(62, 40, 40, 2, '2025-09-15 11:38:38', '2025-09-15 11:38:38'),
(63, 41, 39, 3, '2025-09-15 11:38:38', '2025-09-15 11:38:38'),
(64, 41, 40, 3, '2025-09-15 11:38:38', '2025-09-15 11:38:38'),
(65, 42, 39, 2, '2025-09-15 11:38:38', '2025-09-15 11:38:38'),
(66, 42, 40, 4, '2025-09-15 11:38:38', '2025-09-15 11:38:38'),
(67, 43, 39, 1, '2025-09-15 11:38:38', '2025-09-15 11:38:38'),
(68, 43, 40, 5, '2025-09-15 11:38:38', '2025-09-15 11:38:38'),
(69, 44, 40, 6, '2025-09-15 11:38:38', '2025-09-15 11:38:38'),
(70, 45, 42, 1, '2025-09-15 11:39:45', '2025-09-15 11:39:45'),
(71, 45, 41, 1, '2025-09-15 11:39:45', '2025-09-15 11:39:45'),
(72, 46, 42, 2, '2025-09-15 11:40:22', '2025-09-15 11:40:22');



/*!40101 SET SQL_MODE=@OLD_SQL_MODE */;
/*!40014 SET FOREIGN_KEY_CHECKS=@OLD_FOREIGN_KEY_CHECKS */;
/*!40014 SET UNIQUE_CHECKS=@OLD_UNIQUE_CHECKS */;
/*!40101 SET CHARACTER_SET_CLIENT=@OLD_CHARACTER_SET_CLIENT */;
/*!40101 SET CHARACTER_SET_RESULTS=@OLD_CHARACTER_SET_RESULTS */;
/*!40101 SET COLLATION_CONNECTION=@OLD_COLLATION_CONNECTION */;
/*!40111 SET SQL_NOTES=@OLD_SQL_NOTES */;